{
    "name": "ConstructionPlanner",
    "version": "2.0.0",
    "title": "Construction Planner",
    "author": "ceresward",
    "contact": "https://reddit.com/u/ceresward",
    "homepage": "https://github.com/ceresward/factorio-constructionplanner",
    "factorio_version": "2.0",
    "dependencies": ["base >= 2.0"],
    "description": "Construction bots will wait for the player to 'approve' construction of ghost entities before dispatching, giving the player improved control over what parts of the factory get built, and when."
}