{
    "name": "ConstructionPlanner",
    "version": "1.0.4",
    "title": "Construction Planner",
    "author": "ceresward",
    "contact": "https://reddit.com/u/ceresward",
    "homepage": "https://github.com/ceresward/factorio-constructionplanner",
    "factorio_version": "1.1",
    "dependencies": ["base >= 1.1"],
    "description": "Ghosts must now be 'approved' by the player before construction bots will be dispatched.  This gives the player improved control over what parts of the factory get built, and when."
}